source,target,weight_t0,weight_t1,weight_t2,weight_t3,weight_t4
1,310,0,0,0,0,1
2,77,1,0,0,0,2
2,119,0,0,0,0,1
2,168,1,0,0,0,0
2,416,1,0,2,0,0
2,465,0,0,0,0,1
2,700,2,0,0,0,1
2,790,2,1,0,0,0
2,812,0,0,0,0,1
4,371,1,0,1,0,0
4,441,0,0,0,0,1
5,107,0,1,1,0,0
5,175,2,0,0,0,0
5,553,0,0,1,0,0
7,810,0,2,0,0,0
13,14,0,0,0,1,0
13,516,0,1,1,0,0
13,719,0,0,1,0,0
13,783,0,0,0,1,0
14,13,0,0,0,2,0
14,131,0,0,0,1,0
14,173,1,0,0,1,0
14,199,1,0,0,1,0
14,270,0,0,0,1,0
14,506,1,0,0,1,0
14,516,0,0,0,1,0
14,541,0,0,0,1,0
14,576,0,0,0,1,0
14,644,1,0,0,0,0
14,650,0,0,0,1,0
14,702,3,0,0,1,0
14,719,0,0,0,1,0
14,738,0,0,0,1,0
14,761,0,0,0,1,0
14,837,0,0,0,1,0
14,881,0,0,0,1,1
14,921,0,0,0,1,0
14,924,1,0,0,1,0
14,996,0,0,0,1,0
14,1001,1,0,0,0,0
15,422,0,0,0,0,1
15,680,0,0,0,0,1
15,731,1,1,0,0,2
16,410,1,0,0,0,0
16,754,0,0,0,2,0
19,16,1,0,0,0,0
19,333,2,0,0,0,0
24,32,0,1,0,0,0
24,188,0,1,0,0,0
24,280,0,1,0,0,0
24,360,0,1,0,0,0
24,526,0,1,0,0,0
24,530,0,0,1,0,0
24,547,0,1,0,0,0
24,561,0,1,0,0,0
24,629,0,2,2,0,0
24,647,1,2,0,0,0
24,990,0,0,1,0,0
29,815,0,1,0,0,0
30,104,1,0,0,0,0
32,188,0,1,0,0,0
32,243,1,0,0,0,0
32,337,0,0,1,0,0
32,410,0,1,0,0,0
32,502,1,0,0,0,0
32,572,0,0,0,1,0
38,309,0,1,0,0,0
38,343,0,0,0,1,0
38,474,0,1,0,0,0
38,591,0,0,0,1,0
38,832,0,1,0,0,0
40,60,0,0,0,1,0
40,187,0,0,0,1,0
40,254,0,0,0,1,0
40,272,0,0,0,2,0
40,290,0,0,0,0,1
40,379,0,0,0,1,0
40,450,0,1,0,0,0
40,488,0,0,0,1,0
40,566,0,0,0,0,1
40,568,0,0,0,1,0
40,572,0,0,0,1,0
40,596,0,0,0,1,0
40,662,0,0,0,1,0
40,695,0,0,0,1,0
40,712,0,0,0,1,0
40,802,0,0,0,1,0
40,947,0,0,0,1,0
41,565,0,0,0,1,0
41,704,0,0,0,1,0
48,25,1,0,0,0,0
48,216,1,0,0,0,0
48,319,1,0,0,0,0
48,458,1,0,0,0,0
48,558,1,0,0,0,0
48,704,0,0,1,0,0
48,956,1,0,0,0,0
50,559,1,0,0,0,0
52,168,0,0,1,1,1
52,232,0,0,0,0,1
52,356,0,0,1,1,1
52,472,0,0,0,0,1
53,159,0,0,1,0,0
53,416,0,0,0,0,1
56,280,1,0,0,1,0
58,338,0,0,0,0,1
58,577,0,0,0,0,1
58,909,1,0,0,0,0
61,30,0,0,1,0,0
61,32,0,0,1,0,0
61,112,0,0,1,0,0
61,120,0,1,0,0,0
61,135,0,0,1,0,0
61,160,0,0,1,0,0
61,246,1,0,0,0,0
61,272,0,0,1,0,0
61,280,0,0,1,0,0
61,334,1,0,0,0,0
61,356,0,0,1,0,0
61,377,0,0,1,0,0
61,388,0,0,1,0,0
61,398,0,0,1,0,0
61,428,0,0,1,0,0
61,450,1,0,1,0,0
61,472,0,0,1,0,0
61,502,0,0,1,0,0
61,517,0,0,1,0,0
61,522,0,1,0,0,0
61,542,0,0,1,0,0
61,591,0,1,1,0,0
61,607,0,0,0,0,1
61,646,0,1,0,0,0
61,662,0,0,1,0,0
61,711,0,0,1,0,0
61,716,0,0,1,0,0
61,718,0,2,2,0,0
61,754,0,0,1,0,0
61,772,0,1,0,0,0
61,802,0,0,1,0,0
61,851,0,0,1,0,0
61,854,0,0,1,0,0
61,915,0,0,1,0,0
61,980,0,0,1,0,0
61,991,0,0,0,1,0
62,214,0,0,0,0,1
62,485,1,2,0,0,0
62,542,3,1,0,0,3
62,646,4,3,0,0,2
62,823,0,1,0,0,0
67,165,0,0,1,3,4
67,207,1,0,1,3,3
67,344,2,0,2,3,5
67,561,1,0,1,3,4
67,846,2,0,2,3,5
67,963,1,0,1,2,2
72,135,0,0,0,2,2
72,581,0,0,0,2,0
73,558,0,1,0,0,0
74,126,0,0,1,0,0
74,166,3,2,1,1,0
74,256,0,0,1,0,0
74,294,0,1,0,0,0
74,356,2,0,0,0,0
74,500,0,0,1,0,0
74,573,0,0,1,0,0
74,586,1,0,1,0,0
74,762,0,0,0,1,0
77,2,1,0,0,0,3
77,168,1,0,0,0,0
77,266,1,1,6,1,1
77,313,0,1,0,0,0
77,369,1,1,2,7,0
77,439,0,0,2,0,0
77,575,0,1,0,1,2
77,699,0,0,1,0,1
77,949,2,0,0,0,0
78,506,1,0,0,0,0
83,784,1,0,0,0,0
86,443,3,0,0,0,0
86,662,3,0,0,0,0
90,40,0,2,0,0,0
90,62,1,0,0,0,0
90,72,0,0,0,1,0
90,166,1,0,0,0,0
90,167,0,0,0,0,1
90,178,0,0,1,1,0
90,191,0,0,0,0,1
90,199,0,0,0,0,1
90,220,0,0,0,1,0
90,281,0,0,0,1,0
90,283,2,0,0,0,0
90,416,0,0,1,0,0
90,506,0,1,0,0,0
90,602,0,0,1,0,0
90,663,0,0,0,0,1
90,701,0,0,0,1,0
90,900,0,2,0,0,0
90,920,1,0,0,0,0
90,984,1,1,0,0,0
90,997,0,0,0,1,0
92,316,1,0,0,0,0
92,658,1,2,0,0,0
96,388,0,1,0,0,0
96,638,0,0,0,0,1
97,84,0,1,0,0,0
98,107,2,0,0,4,5
98,117,2,0,0,1,4
98,134,2,0,0,1,4
98,268,2,0,0,2,4
98,278,1,0,0,0,1
98,291,1,0,0,0,3
98,401,1,0,0,0,3
98,429,1,0,0,0,3
98,454,1,0,0,0,3
98,592,1,0,0,0,4
98,607,0,0,0,0,1
98,707,2,0,0,2,4
98,713,2,0,0,1,4
101,423,2,0,0,0,0
102,534,1,0,0,0,1
103,514,0,1,0,0,0
103,780,0,1,0,0,0
103,950,0,1,0,1,0
104,305,0,1,0,0,0
104,313,1,0,1,0,0
104,765,1,0,1,0,1
104,908,0,0,1,0,0
105,374,11,1,0,0,0
107,5,0,1,0,0,0
107,29,0,1,0,0,0
107,98,0,0,0,0,1
107,118,0,1,0,0,0
107,159,0,0,0,1,0
107,175,0,1,0,0,0
107,192,0,1,0,0,0
107,201,0,1,0,0,0
107,208,0,1,0,0,0
107,236,0,1,0,0,2
107,320,0,1,0,0,0
107,335,0,1,0,0,0
107,381,0,1,0,0,0
107,464,0,1,0,0,0
107,532,0,1,0,0,1
107,537,0,1,0,0,0
107,553,0,1,0,0,0
107,643,1,0,0,0,0
107,652,0,1,0,0,0
107,664,0,1,0,0,0
107,670,0,0,0,0,1
107,688,0,1,0,0,0
107,713,0,0,0,0,1
107,737,0,1,0,0,0
107,808,0,1,0,0,0
107,810,0,1,0,0,0
107,898,0,1,0,1,0
107,980,0,1,0,0,0
107,985,0,1,0,0,0
107,1004,0,1,0,0,0
111,586,0,1,1,0,0
112,267,0,0,0,1,0
112,517,0,1,0,0,0
112,674,0,0,0,1,0
114,896,1,0,0,0,0
118,0,0,1,0,0,0
118,502,1,0,0,0,1
118,532,0,0,2,0,0
118,862,1,0,0,0,0
122,711,1,0,0,0,0
125,676,0,0,0,0,1
126,313,0,0,0,0,1
126,356,0,0,2,0,0
126,586,0,2,0,1,2
126,602,0,2,0,0,0
126,700,0,1,0,0,0
126,730,0,1,0,0,0
126,984,0,0,0,1,0
132,591,0,1,0,0,0
135,61,0,1,1,0,0
135,72,0,0,0,3,4
135,141,1,0,0,0,0
135,329,0,1,0,0,1
135,405,0,0,0,0,1
135,450,2,0,0,0,0
135,549,1,0,0,0,0
135,581,0,1,2,2,1
135,692,0,0,2,0,1
135,703,0,2,0,0,0
135,720,0,0,0,0,2
135,855,1,1,0,0,0
135,936,1,1,0,1,0
135,942,0,0,0,1,0
135,993,1,1,0,0,0
136,160,0,1,0,0,0
136,629,0,1,0,0,0
136,857,0,0,1,0,0
136,915,0,4,0,1,0
139,534,1,0,0,0,0
139,832,0,0,0,1,0
141,135,0,0,1,0,0
141,241,0,0,1,1,0
141,469,0,0,0,0,1
142,159,0,1,0,0,0
142,647,0,1,0,0,0
142,915,0,1,2,0,0
142,951,1,0,0,0,0
143,32,0,0,0,0,1
143,144,0,1,0,0,0
143,410,0,0,0,0,1
143,544,0,1,0,0,0
143,563,0,1,0,0,0
143,580,0,1,0,0,0
143,669,0,1,0,0,0
143,696,0,0,0,0,1
143,739,0,1,0,0,0
143,741,0,1,0,0,0
143,791,0,1,0,0,0
146,326,0,0,0,0,2
147,171,1,1,0,0,0
147,196,1,0,0,0,0
147,230,1,1,1,0,0
147,277,1,1,0,0,0
147,285,1,1,0,0,0
147,347,1,0,0,0,0
147,355,1,1,0,0,0
147,454,0,0,0,0,1
147,577,2,1,0,0,0
147,590,1,1,0,0,0
147,607,1,0,0,0,0
147,686,1,1,0,0,0
147,926,1,1,0,0,0
147,933,1,1,0,0,0
147,972,1,1,0,0,0
149,849,0,0,1,0,0
149,904,1,0,0,0,0
150,415,0,1,1,0,0
150,416,0,0,1,0,0
151,316,1,0,0,0,0
151,629,0,1,0,0,0
151,923,0,1,0,0,0
152,422,0,0,1,0,0
152,443,0,1,0,0,0
153,418,2,0,0,0,0
153,977,2,0,0,0,0
153,996,2,0,0,0,0
157,277,1,0,0,0,0
157,347,1,0,0,0,0
159,4,0,0,0,1,0
159,147,0,0,1,0,0
159,167,0,0,0,1,0
159,178,0,0,1,0,0
159,188,0,0,0,3,0
159,190,0,1,0,0,0
159,209,0,0,0,1,1
159,214,0,1,0,0,0
159,220,0,0,0,1,0
159,233,0,0,1,0,0
159,316,0,2,1,0,0
159,321,0,1,0,0,0
159,329,0,0,0,0,1
159,343,0,0,0,1,0
159,377,0,0,0,1,0
159,433,0,0,0,1,0
159,499,0,0,1,0,0
159,502,1,0,2,0,0
159,517,0,0,0,2,0
159,534,0,1,0,0,0
159,542,0,0,1,0,0
159,607,1,0,0,0,0
159,612,0,1,0,0,0
159,659,0,0,0,1,0
159,663,0,0,1,1,2
159,671,0,0,0,0,1
159,692,0,0,0,1,0
159,720,1,3,0,0,0
159,742,0,2,1,0,0
159,743,0,0,0,0,1
159,746,0,0,0,1,0
159,783,1,0,0,0,0
159,798,0,1,0,0,0
159,832,1,0,0,0,0
159,850,1,0,0,0,0
159,866,0,0,1,0,0
159,915,0,2,0,1,0
159,920,0,1,0,0,0
159,927,0,0,1,0,0
159,940,0,0,1,0,0
159,978,0,1,0,4,0
160,61,0,0,1,0,0
160,136,0,1,0,0,0
160,526,1,0,0,0,0
160,629,0,1,0,0,0
160,891,0,1,0,0,0
162,595,1,0,0,0,0
165,67,0,0,2,0,2
165,142,0,0,0,0,1
165,207,0,0,0,0,2
165,316,0,1,3,5,2
165,344,0,0,2,1,2
165,401,1,2,2,4,3
165,857,0,0,1,1,0
165,990,0,1,1,0,0
166,74,1,0,2,2,0
166,112,0,0,0,1,0
166,126,0,0,1,0,0
166,157,0,0,0,1,1
166,294,0,0,0,1,0
166,332,0,0,0,1,0
166,356,1,0,0,0,0
166,416,1,0,0,0,0
166,500,0,0,1,0,0
166,557,0,0,0,1,0
166,573,0,0,1,0,0
166,586,0,0,1,1,0
166,674,0,0,0,1,0
166,704,0,0,0,0,1
166,743,0,0,3,1,0
166,782,0,0,1,0,0
167,469,0,0,1,0,0
167,547,0,0,0,2,0
167,630,0,0,0,2,0
167,851,1,0,0,0,0
167,978,0,0,0,0,1
167,988,0,0,1,0,0
168,52,0,0,0,1,1
168,472,1,0,0,0,0
168,782,1,0,0,0,1
168,912,0,0,0,0,1
168,966,0,0,0,0,1
169,372,1,0,1,0,0
170,405,0,0,0,0,1
170,697,0,0,1,0,0
171,347,1,0,0,0,0
173,541,0,0,0,0,1
175,5,0,2,0,0,1
175,246,0,0,1,0,0
175,275,1,2,1,1,2
175,423,0,0,0,1,0
175,532,1,0,0,0,1
175,849,0,1,3,2,0
176,68,1,0,0,0,0
176,135,1,0,0,0,0
176,245,1,0,0,0,0
176,329,1,0,0,0,0
176,482,1,0,0,0,0
176,581,1,0,0,0,0
176,588,1,0,0,0,0
176,641,1,0,0,0,0
176,692,1,0,0,0,0
176,746,1,0,0,0,0
176,764,1,0,0,0,0
176,769,1,0,0,0,0
176,836,1,0,0,0,0
176,855,1,0,0,0,0
176,995,1,0,0,0,0
178,0,3,0,1,2,0
178,2,0,0,0,1,0
178,6,3,0,1,2,0
178,78,3,0,1,2,0
178,90,0,0,0,1,0
178,159,1,0,0,0,0
178,228,3,0,1,2,0
178,249,3,0,1,2,0
178,295,3,0,1,2,0
178,333,3,0,1,2,2
178,334,0,0,0,0,2
178,409,3,0,1,2,0
178,470,3,0,1,2,0
178,482,3,0,1,0,1
178,502,3,1,2,4,2
178,538,3,1,1,2,0
178,599,3,0,1,2,0
178,605,3,0,1,2,0
178,646,0,0,0,0,1
178,693,3,0,1,2,1
178,710,3,0,1,2,0
178,767,3,0,1,2,0
178,862,3,0,1,2,0
178,976,4,0,1,4,0
178,991,3,0,1,2,0
181,866,1,0,0,0,0
184,82,0,0,1,0,0
184,122,1,0,0,0,0
184,393,0,0,1,0,0
184,607,0,0,1,0,0
184,832,0,0,0,0,1
186,112,0,0,1,0,0
186,256,0,0,1,0,0
186,267,0,0,1,0,0
186,313,0,0,1,0,0
186,517,0,0,1,0,0
186,648,0,0,1,0,0
187,40,1,1,0,0,0
187,450,0,1,0,0,0
188,32,0,1,0,0,0
188,159,0,0,0,2,0
188,421,0,2,2,0,0
188,978,0,0,0,0,1
189,236,1,0,0,0,1
189,249,0,1,1,0,0
190,181,0,2,0,0,0
190,274,0,1,0,0,0
190,353,0,1,0,0,0
190,373,0,1,0,0,0
190,614,1,0,0,0,0
190,656,0,1,0,0,0
190,920,0,1,1,0,0
191,75,0,1,0,0,0
191,334,0,1,0,0,0
191,415,1,2,0,0,0
191,607,1,0,0,0,0
191,692,0,1,0,0,0
193,290,0,0,1,0,0
193,540,2,0,0,0,0
193,607,0,0,0,1,0
193,731,1,0,0,0,0
195,189,1,0,0,0,0
196,147,1,0,0,0,0
196,850,1,0,0,0,0
197,32,0,1,0,0,0
200,136,0,0,1,0,1
200,344,0,0,1,0,0
200,428,4,0,1,0,0
200,543,0,0,1,0,0
200,915,4,0,1,0,0
200,952,0,3,1,0,0
200,971,0,0,2,0,0
207,35,0,1,0,0,0
207,67,0,0,0,0,2
207,136,1,0,0,0,0
207,165,0,0,0,0,1
207,469,0,0,0,1,1
207,493,1,0,0,0,0
207,795,0,0,0,1,3
207,847,1,0,0,0,0
207,851,0,0,1,0,0
207,978,0,0,1,0,0
208,236,0,0,1,0,0
214,40,0,0,2,0,0
214,334,1,0,0,0,0
214,531,3,0,0,0,0
214,612,1,0,0,0,0
214,617,0,0,0,0,1
214,629,1,0,0,0,1
214,742,0,0,0,2,0
214,765,0,0,0,1,0
216,956,0,0,1,0,0
223,96,0,0,0,0,1
223,322,0,0,0,0,1
223,343,0,0,0,1,0
223,638,0,0,0,0,1
223,939,0,0,0,0,1
228,333,0,0,0,1,0
228,502,0,0,0,1,0
228,605,0,1,0,0,1
229,241,1,0,0,0,0
229,374,1,0,0,0,0
231,233,0,0,0,3,0
231,245,0,2,1,0,1
231,264,0,0,1,0,0
231,448,0,0,1,0,0
231,624,0,0,0,1,1
231,738,0,0,0,0,2
231,994,0,0,0,0,1
232,168,3,0,0,0,0
232,260,0,0,1,0,0
232,416,1,0,2,0,0
232,472,2,1,0,0,0
232,575,1,0,0,0,0
232,912,1,0,0,0,0
232,966,0,0,1,1,0
233,53,0,0,1,0,0
233,231,0,0,1,0,0
233,245,1,0,0,1,0
236,29,0,0,1,0,0
236,107,0,0,0,0,3
236,189,1,0,0,1,0
236,208,1,1,1,0,0
236,320,0,0,1,0,1
236,532,1,0,0,0,0
236,537,3,1,0,0,1
236,977,0,2,0,0,0
236,980,1,0,0,0,1
236,1004,0,1,0,0,2
239,324,0,0,0,1,0
239,613,1,0,0,0,0
239,629,0,0,0,1,0
239,951,0,0,0,1,0
243,61,0,3,0,0,0
243,729,1,0,2,0,0
243,754,1,0,0,0,0
245,231,2,0,0,1,0
245,233,2,0,0,0,1
245,264,1,0,0,0,0
245,329,1,0,0,0,0
245,540,2,0,0,1,0
245,624,1,0,0,0,0
246,101,1,0,0,0,0
246,175,0,0,1,0,0
246,423,1,0,0,0,0
248,920,2,0,0,0,0
249,189,0,1,0,0,0
249,643,1,0,0,0,0
250,332,1,1,1,0,0
250,416,0,0,0,0,1
250,700,0,0,0,1,0
251,482,1,1,0,0,0
251,641,1,0,0,0,0
253,151,2,0,0,0,0
253,290,1,0,0,0,0
253,566,1,1,0,0,0
256,267,0,0,1,0,0
256,313,1,0,0,0,0
256,356,0,0,0,1,0
265,149,1,0,0,0,0
266,77,0,0,3,1,1
267,112,1,0,0,1,0
267,186,0,0,1,0,0
267,256,0,0,1,0,0
267,280,0,0,0,1,0
267,517,0,0,1,0,0
267,647,0,0,1,0,0
267,648,0,0,1,0,0
267,662,0,0,0,1,0
267,891,3,2,0,0,0
268,98,1,0,0,0,0
268,117,1,0,0,0,1
268,291,1,0,0,0,1
268,454,1,0,0,0,1
268,633,2,0,0,0,1
268,713,1,0,0,0,0
270,381,0,1,0,0,0
270,783,0,0,0,1,0
272,40,0,0,0,1,0
272,450,0,0,0,1,0
274,482,1,0,0,0,0
275,175,0,1,2,1,1
275,849,0,0,2,1,0
277,285,2,0,0,0,0
277,715,1,0,0,0,0
280,24,0,0,0,1,0
280,32,0,0,0,1,0
280,35,0,0,0,1,0
280,56,1,0,0,0,1
280,92,0,0,0,1,0
280,136,0,0,0,1,0
280,142,0,0,0,1,0
280,160,0,0,0,1,0
280,167,0,0,0,1,0
280,188,0,0,0,1,0
280,207,0,0,0,1,0
280,241,0,0,0,1,0
280,267,0,0,1,0,0
280,274,0,0,0,1,0
280,293,0,0,0,1,0
280,301,0,0,0,1,0
280,338,0,0,1,0,0
280,360,0,0,0,1,0
280,408,0,0,0,1,0
280,421,0,0,0,1,0
280,424,0,0,0,1,0
280,469,0,0,0,1,0
280,493,0,0,0,1,0
280,526,0,0,0,1,0
280,547,0,0,0,1,0
280,561,0,0,0,1,0
280,631,0,0,0,1,0
280,647,0,0,0,1,0
280,656,0,0,0,1,0
280,658,0,0,0,1,0
280,775,1,0,0,0,0
280,817,0,0,0,1,0
280,846,0,0,1,1,0
280,953,0,0,0,1,0
280,954,0,0,0,1,0
280,990,0,0,0,1,0
280,993,1,0,0,0,0
281,90,0,0,0,1,0
283,90,1,0,0,0,0
290,151,0,1,0,0,0
290,159,0,0,1,0,0
290,193,0,0,0,1,0
290,214,0,0,1,0,0
290,253,0,0,0,1,0
290,278,0,0,0,1,0
290,566,0,0,2,0,0
290,589,0,0,0,1,0
292,769,0,0,0,1,0
292,936,1,0,0,0,0
293,711,0,0,0,1,1
293,724,2,1,1,0,0
294,74,0,1,0,1,0
294,166,0,0,0,1,0
294,313,2,0,0,0,0
294,416,0,0,0,1,0
294,586,1,0,1,1,0
294,868,0,0,1,0,0
294,885,1,0,0,0,0
295,681,1,0,0,0,0
299,388,0,0,0,1,3
302,141,0,0,0,1,0
303,950,0,0,0,0,1
304,441,0,2,1,0,0
305,104,0,1,0,0,0
305,743,0,0,0,1,0
306,229,0,0,1,1,0
306,374,0,0,1,0,0
306,659,0,2,0,0,0
306,660,0,0,1,0,0
306,742,0,0,0,0,1
306,771,0,0,0,0,1
309,1,0,3,0,0,0
309,97,0,1,0,0,0
310,1,0,0,0,0,1
310,586,1,0,0,0,0
311,987,0,0,0,0,1
313,30,0,0,0,1,0
313,126,0,0,0,1,0
313,168,0,0,0,1,0
313,256,1,0,0,0,0
313,294,2,0,0,0,0
313,356,0,1,1,0,0
313,416,0,1,0,0,0
313,447,0,2,0,0,0
313,472,0,1,0,0,0
313,885,0,1,0,0,0
316,17,0,0,0,2,0
316,31,0,0,0,3,0
316,92,1,0,0,2,0
316,136,0,0,0,3,0
316,142,1,2,1,3,0
316,151,1,0,0,0,0
316,159,0,0,1,0,0
316,165,1,0,0,3,0
316,200,0,0,1,3,0
316,235,1,0,0,0,0
316,302,0,0,0,3,0
316,344,0,0,0,2,0
316,349,0,0,0,1,0
316,415,0,0,0,0,1
316,428,1,0,0,3,0
316,543,0,0,0,3,0
316,607,0,0,0,0,1
316,629,1,0,1,1,1
316,647,0,0,0,3,0
316,857,0,0,0,3,0
316,890,0,0,0,0,2
316,915,1,1,1,2,1
316,952,0,0,0,3,0
316,953,0,0,0,1,0
316,971,1,0,0,3,0
316,990,0,0,0,3,0
317,374,0,0,2,0,0
318,844,0,0,1,0,0
319,25,0,0,0,1,0
319,48,0,1,1,0,0
319,558,0,0,1,0,0
319,618,0,0,0,1,0
320,107,0,1,0,0,0
321,159,0,1,0,0,0
321,216,0,0,0,0,4
321,458,0,1,0,0,0
321,618,0,0,0,0,1
322,38,0,0,0,0,1
322,223,0,0,1,0,0
322,343,0,0,0,0,2
322,740,1,0,0,0,0
322,780,0,1,0,0,0
322,867,1,0,0,0,0
322,879,1,0,0,1,2
324,534,0,0,0,1,0
325,195,1,0,0,0,0
327,275,0,1,0,0,0
327,381,0,1,1,0,0
327,849,0,1,1,0,0
327,897,0,1,0,0,0
329,135,0,0,0,0,1
332,250,1,0,5,0,0
332,318,1,0,0,0,0
332,435,0,0,2,0,0
332,575,0,0,1,0,0
332,700,0,0,1,0,0
333,19,1,1,0,0,0
333,29,0,1,2,0,1
333,743,0,1,0,0,0
334,61,1,0,0,0,0
334,75,0,0,1,0,0
334,120,0,1,0,0,0
334,127,0,1,0,1,0
334,132,0,1,0,0,0
334,159,1,0,0,0,0
334,178,0,0,0,0,1
334,191,0,1,1,0,0
334,388,0,0,0,0,1
334,528,1,0,0,0,0
334,607,2,0,4,1,1
334,609,0,1,0,0,0
334,612,0,1,0,0,0
334,772,0,1,1,0,0
334,776,0,0,1,0,0
335,5,0,0,0,0,1
335,29,0,0,0,0,1
335,118,0,0,0,0,1
335,175,0,0,0,0,1
335,201,0,0,0,0,1
335,208,0,0,0,0,1
335,236,0,0,0,0,1
335,381,0,0,0,0,1
335,464,0,0,0,0,1
335,468,0,0,0,0,1
335,532,0,0,0,0,1
335,537,0,0,0,0,1
335,553,0,0,0,0,1
335,643,0,0,0,0,1
335,664,0,0,0,0,1
335,670,0,0,0,0,1
335,688,0,0,0,0,1
335,737,0,0,0,0,1
335,808,0,0,0,0,1
335,810,0,0,0,0,1
335,867,0,0,0,0,2
335,980,0,0,0,0,1
335,985,0,0,0,0,1
335,1004,0,0,0,0,1
337,32,0,0,1,0,0
337,505,0,0,3,0,0
338,264,0,1,0,0,0
338,624,0,1,0,0,0
338,951,1,0,0,0,0
341,200,0,0,0,1,0
341,739,0,0,0,1,0
341,915,0,0,0,1,0
343,663,0,0,3,1,0
344,952,0,0,0,0,1
347,147,1,0,0,0,0
347,157,1,0,0,0,0
347,171,1,0,0,0,0
347,230,1,0,0,0,0
347,277,1,0,0,0,0
347,285,1,0,0,0,0
347,355,1,0,0,0,0
347,577,1,0,0,0,0
347,590,1,0,0,0,0
347,686,1,0,0,0,0
347,715,1,0,0,0,0
347,748,1,0,0,0,0
347,926,1,0,0,0,0
347,933,1,0,0,0,0
347,972,1,0,0,0,0
353,891,4,1,2,2,0
356,52,1,0,0,0,0
356,74,4,0,0,0,0
356,166,4,0,0,0,0
356,168,1,0,0,0,0
356,209,2,0,0,0,0
356,313,1,0,0,0,0
356,472,3,0,1,0,0
356,602,1,0,0,0,0
356,743,3,0,0,0,0
356,765,1,0,0,0,0
356,912,1,0,0,0,0
362,141,0,0,0,0,1
362,192,1,0,0,1,0
362,228,0,0,0,0,1
362,254,1,0,0,0,0
362,306,0,0,0,1,0
362,371,1,0,0,0,1
362,383,0,0,2,0,0
362,421,0,0,0,0,1
362,428,2,0,0,0,0
362,464,0,0,0,1,0
362,485,0,1,1,0,0
362,561,0,0,1,0,0
362,658,1,0,0,0,0
362,660,1,0,0,0,0
362,704,0,0,0,0,1
362,758,0,0,0,1,0
362,900,0,0,0,0,2
365,118,1,0,0,0,0
369,77,1,1,2,8,0
369,444,0,2,0,0,0
369,535,0,1,0,0,0
372,169,1,0,1,0,1
372,404,0,0,2,0,1
372,595,0,0,1,0,0
372,934,0,0,1,0,0
374,105,3,1,0,0,0
374,229,1,0,0,0,0
374,317,0,0,1,0,0
374,660,1,0,0,0,0
374,953,0,1,0,0,1
377,101,0,0,0,1,0
377,246,0,0,0,1,0
377,422,0,1,1,0,0
377,423,0,1,0,0,0
377,479,1,0,0,0,0
377,630,0,0,1,0,0
377,681,1,0,0,0,0
377,731,0,0,1,1,0
381,14,0,0,1,0,0
381,29,1,0,0,0,0
381,327,0,2,1,1,0
383,362,0,1,2,0,0
383,589,0,0,1,0,0
383,720,1,3,1,0,1
383,732,0,0,0,0,1
388,299,0,0,0,0,1
392,674,0,0,0,1,0
393,377,0,0,0,0,1
401,98,1,3,2,0,4
401,165,1,1,1,0,5
401,291,1,2,2,0,4
401,415,1,3,2,0,5
401,429,1,4,3,1,6
401,454,1,2,2,0,4
402,634,0,0,1,0,0
407,843,0,0,0,3,1
410,32,0,2,0,0,0
410,143,0,0,0,0,1
410,687,1,0,0,0,0
413,927,1,0,0,0,0
415,40,1,0,0,0,0
415,191,1,1,2,0,0
415,316,0,0,1,0,0
415,324,0,0,1,0,0
415,416,0,1,0,1,0
415,544,1,0,0,0,0
415,587,0,1,0,0,0
415,629,0,1,0,0,0
415,752,0,1,2,0,0
416,2,0,0,1,0,0
416,52,0,0,0,0,1
416,53,0,0,0,1,0
416,147,0,0,0,0,1
416,150,0,0,2,0,0
416,168,0,0,0,0,1
416,232,0,0,3,0,0
416,250,0,0,0,0,1
416,256,0,0,0,0,1
416,260,0,0,0,0,1
416,266,0,0,0,0,1
416,305,0,0,0,1,0
416,313,0,0,0,0,1
416,332,0,0,1,0,0
416,356,0,1,0,0,0
416,415,0,0,0,1,0
416,439,0,0,0,0,1
416,517,1,0,0,0,0
416,586,0,0,1,0,0
416,602,1,0,0,0,0
416,868,0,1,0,0,0
416,912,0,0,1,0,3
416,927,0,0,0,0,1
416,949,0,0,0,0,1
416,984,0,1,0,0,0
418,308,0,2,1,0,0
418,977,0,0,0,2,0
418,996,9,6,0,1,2
420,509,0,0,0,0,1
421,188,0,0,1,0,0
421,424,2,0,1,2,1
422,152,1,0,0,0,0
422,613,0,1,0,0,0
422,731,0,0,2,1,0
423,101,1,0,0,0,0
423,175,0,0,0,2,0
423,184,0,0,0,0,1
423,246,1,0,0,0,0
423,377,1,0,0,0,0
423,832,0,0,0,2,0
423,969,1,0,0,0,0
424,207,1,0,6,2,5
424,421,1,0,6,2,5
424,795,1,0,6,2,5
424,990,2,0,3,1,0
426,325,1,0,0,0,0
428,136,0,1,0,0,0
428,142,0,1,0,0,0
428,200,2,2,0,0,0
428,302,0,0,1,0,0
428,316,0,2,0,1,0
428,647,1,1,0,1,0
428,838,1,0,0,1,1
428,857,1,3,1,0,1
428,915,3,8,1,0,2
428,990,0,2,0,0,0
429,98,0,0,0,0,1
429,291,0,0,0,0,1
429,401,0,2,1,1,2
429,454,0,0,1,0,3
433,738,0,0,1,0,0
435,267,2,0,0,0,0
435,332,1,2,2,0,0
435,500,2,1,0,0,0
435,586,2,0,0,0,0
435,648,1,0,0,0,0
436,991,0,0,1,0,0
439,77,0,0,1,0,0
439,168,0,2,0,0,0
439,416,0,1,0,0,0
441,304,1,2,2,0,1
443,86,4,0,0,1,0
443,135,1,0,0,0,0
443,152,0,2,0,0,1
443,581,1,0,0,0,0
443,662,2,1,1,0,0
443,936,1,0,0,0,0
444,369,0,1,0,0,0
444,471,0,0,0,0,1
444,535,0,1,3,0,0
447,166,0,0,1,0,0
447,586,0,1,1,0,1
450,40,2,0,0,0,0
450,61,0,1,0,0,0
450,135,1,0,0,0,0
450,187,1,0,0,0,0
450,272,0,0,0,2,0
450,595,1,0,1,0,0
450,662,1,0,0,0,0
450,754,0,0,0,2,0
452,162,1,0,0,0,0
454,98,0,0,3,5,1
454,134,0,0,1,0,0
454,147,0,0,0,0,1
454,291,0,0,5,4,0
454,401,0,0,5,8,1
454,429,0,0,5,8,1
454,592,0,0,3,5,1
454,713,0,0,0,1,0
454,772,0,0,2,2,0
457,724,0,0,2,0,0
458,48,1,0,1,0,0
458,216,1,0,0,0,0
458,319,1,0,0,0,0
458,558,1,0,0,0,0
458,577,0,0,0,0,2
458,918,0,0,0,0,1
458,956,1,0,0,0,0
459,517,1,0,0,0,0
462,157,0,1,0,0,0
462,223,0,1,0,0,0
462,248,0,1,0,0,0
462,278,0,1,0,0,0
462,334,0,1,0,0,0
462,450,0,1,0,0,0
462,517,0,1,0,0,0
462,542,0,1,0,0,0
462,591,0,1,0,0,0
462,617,0,1,0,0,0
462,670,0,1,0,0,0
462,687,0,1,0,0,0
462,692,0,1,0,0,0
462,718,0,1,0,0,0
462,742,0,1,0,0,0
462,783,0,1,0,0,0
462,833,1,0,0,0,0
462,851,0,1,0,0,0
462,923,0,1,0,0,0
466,662,0,0,0,1,0
469,35,0,0,0,0,1
469,141,0,0,1,0,0
469,167,0,0,0,0,1
469,188,0,1,0,0,1
469,207,0,0,1,0,1
469,241,0,0,0,0,1
469,301,0,0,0,0,1
469,421,0,0,0,0,1
469,424,0,0,0,0,1
469,547,0,1,0,0,1
469,630,0,0,1,0,0
469,795,0,0,0,0,1
469,817,0,0,0,0,1
469,954,0,0,0,0,1
469,957,0,0,0,0,1
471,53,0,0,1,1,0
471,151,0,0,1,1,0
471,185,0,0,0,1,0
471,278,0,1,0,0,0
471,444,0,0,0,0,1
471,617,0,0,1,1,0
472,168,0,1,0,0,0
472,356,1,0,0,0,0
472,743,1,0,0,0,0
472,782,1,2,1,0,1
481,565,0,0,1,1,0
482,178,2,0,0,0,0
482,274,1,0,0,0,0
482,606,0,0,0,1,0
482,990,1,0,0,0,0
485,62,0,1,2,0,0
485,362,0,1,0,0,0
485,823,0,1,0,0,0
490,377,1,0,0,0,0
491,532,0,0,1,0,0
493,207,1,0,0,0,0
493,891,0,1,0,0,0
496,32,1,0,0,0,0
497,281,0,0,0,0,1
499,2,0,0,0,1,0
499,558,0,0,0,1,0
499,684,0,2,0,0,1
500,332,0,0,1,0,0
500,550,0,1,0,0,0
500,782,0,0,1,0,0
502,118,0,0,1,0,0
502,178,0,2,0,1,1
502,228,0,1,1,0,0
502,511,1,0,0,0,0
502,569,0,0,1,0,0
502,693,0,1,0,0,0
502,862,0,1,1,2,0
502,951,0,0,1,0,0
505,337,1,0,2,0,0
506,14,0,1,0,0,0
506,16,0,0,0,1,0
506,78,0,0,0,0,1
506,173,0,0,0,1,0
506,192,0,0,0,0,1
506,199,0,0,0,1,0
506,248,0,0,0,1,0
506,333,0,0,0,1,0
506,364,0,0,0,1,0
506,404,0,0,0,0,1
506,409,0,0,0,0,1
506,491,0,0,0,0,1
506,541,0,0,0,1,0
506,599,0,0,0,0,1
506,644,0,0,0,0,1
506,670,0,0,0,1,0
506,688,0,0,0,0,1
506,702,0,0,0,0,1
506,745,0,0,0,0,1
506,783,0,1,0,3,0
506,921,0,0,0,1,0
506,996,0,0,0,1,0
506,1001,0,0,1,0,0
509,388,1,0,0,0,0
510,534,1,0,0,1,0
510,939,0,0,1,0,0
511,231,1,0,0,0,0
511,502,1,0,0,0,0
511,607,1,0,0,0,0
512,432,0,0,1,0,0
512,979,0,0,0,0,1
514,103,0,1,0,2,0
514,378,0,2,0,2,0
514,780,0,0,0,2,0
514,950,0,1,0,2,0
516,14,0,1,0,0,0
516,881,1,0,0,0,0
517,267,0,0,1,0,0
517,459,1,0,0,0,0
517,646,0,1,0,0,0
517,718,0,1,0,0,0
517,803,1,0,0,0,0
517,854,0,1,0,0,0
522,61,1,1,0,0,0
522,120,1,0,0,0,0
522,265,1,0,0,0,0
522,718,2,0,0,0,0
526,629,1,0,0,0,0
528,334,0,0,1,0,0
528,607,0,0,1,0,0
528,609,0,1,0,0,0
530,2,0,0,4,0,0
530,24,0,0,1,1,0
530,526,0,0,0,0,1
530,629,1,1,5,4,5
530,630,0,0,1,0,1
530,891,1,0,3,3,5
531,214,2,0,0,0,0
531,482,0,0,0,0,1
531,591,1,0,0,0,0
531,607,0,1,0,0,2
531,641,0,2,0,0,0
531,987,0,0,0,1,0
531,994,1,0,1,0,0
532,13,1,0,0,0,0
532,335,1,1,0,0,0
532,537,1,0,0,0,0
532,700,1,0,0,0,0
532,790,1,0,0,0,0
532,1001,1,0,0,0,0
534,322,1,0,0,0,0
534,510,1,0,0,0,0
534,591,0,0,1,0,0
534,951,1,0,0,0,0
535,369,0,1,0,0,0
535,444,0,2,0,0,0
537,107,0,0,1,0,0
537,208,0,0,1,0,0
537,236,2,0,1,0,1
537,335,1,0,0,0,0
537,440,0,0,1,0,0
537,674,2,0,0,0,0
540,28,1,0,0,0,0
540,193,1,0,0,0,0
540,231,1,0,0,2,0
540,245,0,0,0,1,2
540,311,1,0,0,0,0
540,329,0,0,0,0,1
540,338,1,0,0,0,0
540,427,0,0,0,0,1
540,433,1,0,0,0,0
540,482,1,0,0,0,0
540,641,0,0,0,2,0
540,832,0,0,0,0,1
540,955,0,1,0,3,2
540,994,1,0,0,1,1
541,644,0,0,0,1,0
541,702,0,0,0,1,0
541,1001,0,0,0,1,0
542,62,3,3,0,0,0
542,485,0,1,0,0,0
542,517,1,0,0,0,0
542,646,0,1,0,0,0
542,823,0,1,0,0,0
546,450,0,0,0,1,1
546,743,0,0,1,0,0
546,900,0,0,0,1,1
549,135,1,0,0,0,0
549,866,0,1,0,0,1
550,546,1,1,0,0,0
550,891,0,3,0,0,0
552,685,1,0,0,0,0
552,951,0,1,0,0,0
553,532,0,0,0,2,2
558,48,0,0,0,2,0
558,207,0,0,0,1,0
558,216,0,0,0,2,0
558,319,0,0,0,2,0
558,321,0,0,0,1,0
558,458,0,0,0,2,0
558,499,1,0,0,1,0
558,684,0,1,0,0,0
558,956,0,0,0,3,0
559,50,2,0,1,0,0
559,299,0,0,0,0,1
559,346,0,0,1,0,0
559,402,0,1,1,0,0
561,67,0,1,0,0,0
561,631,0,1,0,0,0
561,846,0,2,0,0,0
565,48,0,0,0,1,0
565,481,1,0,1,0,0
565,499,0,0,1,0,0
565,704,0,0,0,0,1
565,723,0,0,0,0,1
568,272,0,0,0,2,0
568,379,1,0,1,2,0
568,596,0,0,0,0,1
568,947,0,1,1,0,0
569,2,0,0,1,0,0
569,502,0,0,1,0,0
569,599,0,0,0,1,0
569,607,0,1,0,0,1
572,32,0,0,1,0,0
572,450,0,0,0,1,0
572,731,0,0,1,0,0
572,862,0,0,0,0,1
572,890,0,1,0,0,0
572,951,0,0,0,1,1
573,586,1,0,1,0,0
575,77,0,1,0,0,1
575,168,0,2,0,0,0
575,332,0,0,1,0,0
575,472,0,0,1,0,0
575,782,0,2,0,0,2
575,966,0,0,1,0,0
577,458,0,0,0,0,3
581,855,0,0,1,0,0
582,832,1,0,0,0,0
582,849,0,1,0,0,0
586,74,1,1,1,0,0
586,111,1,1,0,0,1
586,126,0,1,2,0,3
586,157,0,0,0,0,1
586,166,0,2,3,1,0
586,168,0,0,0,0,1
586,267,0,1,0,2,2
586,294,3,1,0,0,0
586,310,2,0,0,0,1
586,332,0,0,1,0,0
586,334,0,0,0,0,1
586,356,0,0,0,0,1
586,377,0,0,0,0,1
586,416,0,0,1,0,0
586,435,1,0,0,0,0
586,447,0,1,1,0,1
586,500,0,1,2,2,0
586,517,0,0,0,0,1
586,535,0,0,0,0,1
586,542,0,0,0,0,1
586,573,1,2,3,2,1
586,617,1,0,2,0,1
586,648,1,0,0,0,0
586,684,0,0,0,0,1
586,687,0,0,3,0,1
586,743,0,0,0,0,1
586,762,0,1,1,0,0
586,782,0,1,1,1,0
586,854,0,0,1,0,0
586,885,1,0,0,0,0
586,984,2,0,1,0,3
587,56,0,0,1,0,0
587,326,0,0,1,0,0
587,720,0,0,1,1,1
590,277,0,1,0,0,0
592,98,2,4,1,3,0
592,134,2,2,1,4,1
592,268,0,0,1,0,0
592,454,2,4,2,4,0
592,713,0,0,0,2,0
592,927,2,3,3,4,0
595,450,1,1,1,0,0
595,609,0,1,0,0,0
595,934,1,0,0,0,0
596,187,0,1,1,0,0
596,254,0,1,0,0,0
596,450,0,1,0,0,0
596,568,0,0,0,0,1
596,572,0,1,0,0,0
596,695,0,1,0,0,0
596,947,0,1,0,0,0
597,883,1,0,0,0,0
599,605,0,1,1,0,0
599,693,0,0,1,0,0
602,126,0,1,0,0,0
602,133,1,0,0,0,0
602,166,1,0,0,0,0
602,356,0,1,0,0,1
602,416,0,1,0,0,0
602,765,0,0,0,0,1
602,908,0,0,0,0,1
603,474,1,0,0,0,0
605,228,0,2,0,0,2
605,599,0,1,0,0,0
605,643,1,0,0,0,0
605,789,0,0,0,0,1
607,61,0,0,0,0,2
607,65,0,0,0,0,1
607,91,1,0,0,0,0
607,120,1,0,0,0,0
607,127,0,0,0,0,1
607,147,1,0,0,0,0
607,159,1,0,0,0,0
607,178,1,0,0,0,0
607,191,2,0,0,0,0
607,193,1,0,0,0,0
607,278,1,0,0,0,0
607,334,0,0,4,2,4
607,483,0,3,0,0,1
607,502,0,0,0,0,1
607,528,0,0,1,0,0
607,531,0,0,0,0,3
607,534,0,0,0,0,1
607,550,1,0,0,0,0
607,569,1,1,0,0,2
607,591,0,0,2,0,3
607,612,0,0,0,0,1
607,646,0,2,0,0,0
607,687,0,0,1,0,1
607,692,0,0,0,0,1
607,696,1,0,0,0,0
607,718,0,0,0,0,1
607,742,0,0,0,0,1
607,833,1,0,0,0,0
609,720,0,0,0,1,0
609,791,0,1,0,0,0
612,505,0,0,0,1,0
612,633,0,0,0,0,1
614,53,0,0,0,1,0
614,267,0,1,0,0,0
614,280,3,0,0,0,0
614,858,1,2,1,0,0
614,891,0,1,0,0,0
614,988,0,0,1,0,0
617,310,0,0,1,0,0
617,334,0,0,0,1,0
617,586,0,0,1,0,0
617,687,0,0,1,0,1
622,125,2,0,3,0,1
622,510,0,0,0,0,1
622,559,0,0,1,0,1
622,676,2,0,3,0,0
624,231,0,0,0,0,1
624,245,0,1,0,0,0
624,692,1,0,0,0,0
626,873,0,0,0,1,0
628,135,0,0,0,1,0
628,638,2,1,0,3,0
628,720,0,0,0,1,0
629,24,3,1,1,2,0
629,127,0,0,0,1,0
629,151,0,2,0,0,0
629,160,3,0,0,2,0
629,190,0,0,0,1,0
629,214,0,0,0,0,1
629,280,3,0,0,3,0
629,316,1,0,1,2,1
629,360,3,0,0,2,0
629,445,0,0,0,1,0
629,493,3,0,0,2,0
629,526,3,0,0,2,0
629,530,4,1,2,3,0
629,561,3,0,0,2,0
629,569,0,0,0,1,0
629,630,4,0,0,2,0
629,631,3,0,0,2,0
629,658,4,0,0,3,0
629,685,6,1,0,2,0
629,846,2,0,0,2,0
629,865,0,0,0,1,0
629,891,3,0,2,6,0
629,978,0,0,0,1,0
630,167,0,0,0,2,0
630,377,0,0,0,1,1
630,469,0,0,0,1,0
630,493,1,0,0,0,0
630,530,0,0,1,0,0
630,629,1,0,1,0,0
630,779,2,0,0,0,0
630,978,0,0,0,1,1
633,193,0,0,1,0,0
634,299,0,1,0,0,0
634,402,0,0,1,0,0
634,788,1,0,0,0,0
638,164,0,0,0,1,0
638,534,1,0,0,0,1
638,628,1,1,0,2,0
638,630,1,0,0,0,0
643,107,1,0,0,0,0
643,249,1,0,0,0,0
643,605,1,0,0,0,0
644,199,1,0,2,0,1
644,491,0,0,0,0,1
644,506,0,0,2,0,0
644,738,0,0,0,0,1
646,62,0,0,1,2,0
646,517,0,1,0,0,0
646,542,0,0,0,1,0
646,607,0,1,0,0,0
647,24,1,0,0,0,0
647,267,0,0,1,0,0
647,428,5,0,0,0,0
647,547,1,0,0,0,0
647,915,0,0,0,1,0
648,765,0,1,0,0,0
650,654,0,3,0,0,1
650,682,0,1,0,0,1
650,738,0,1,0,0,1
650,783,0,1,0,1,1
654,650,0,1,0,0,0
654,738,0,0,1,0,0
656,181,0,0,0,1,0
656,190,0,0,0,1,0
656,274,0,0,0,1,0
656,353,0,0,0,1,0
656,373,0,0,0,1,0
656,838,2,1,0,1,0
656,920,0,0,0,1,0
658,249,0,1,0,0,0
659,306,2,0,0,1,0
660,374,2,0,0,0,0
662,443,1,0,1,0,0
663,159,0,0,1,1,1
663,343,0,0,3,2,1
663,649,0,0,1,0,0
664,335,0,0,0,1,0
670,107,0,0,0,0,1
670,381,0,1,0,0,0
671,159,1,0,0,0,0
674,537,2,0,0,1,0
676,46,0,1,0,0,0
678,696,0,1,1,0,0
680,15,0,2,0,1,1
680,720,0,1,0,1,0
681,259,1,0,0,0,0
682,650,0,0,0,0,1
682,654,0,0,0,0,1
682,738,0,0,0,0,1
682,783,0,0,0,0,1
683,401,0,1,1,0,0
684,48,0,0,0,0,1
684,157,0,0,0,0,1
684,319,0,0,0,0,1
684,321,0,0,0,1,0
684,356,0,0,0,0,1
684,458,0,0,0,0,1
684,499,0,1,0,0,0
684,517,0,0,0,0,1
684,535,0,0,0,0,1
684,542,0,0,0,0,1
684,558,0,1,0,0,0
684,586,0,0,0,0,1
684,743,0,0,0,0,1
685,629,2,0,0,0,0
685,724,0,2,0,0,0
685,838,2,0,0,0,0
685,1001,0,1,0,0,0
686,347,1,0,0,0,0
687,586,0,0,1,0,0
687,591,1,0,0,0,0
687,617,0,0,1,0,0
692,233,1,0,0,0,0
692,687,1,0,0,0,0
695,40,1,0,0,1,0
695,596,0,1,0,0,0
696,143,1,0,0,0,1
696,678,0,0,1,0,0
696,876,1,0,0,0,0
698,231,0,0,0,0,1
698,245,0,0,0,0,1
698,540,0,0,0,0,1
698,764,0,0,0,0,1
698,840,0,0,0,0,1
698,873,0,0,0,0,1
700,126,0,2,0,0,0
700,335,0,0,1,0,0
700,695,0,0,1,0,0
700,790,0,1,0,0,0
700,838,1,0,0,0,0
701,90,0,0,0,1,0
702,14,1,0,0,1,0
702,541,0,0,0,1,0
702,644,0,1,0,0,0
702,783,0,0,0,1,0
703,135,0,1,0,0,0
703,692,0,0,2,0,0
704,41,0,1,0,0,0
704,565,1,0,0,1,0
704,684,1,0,0,0,0
704,743,0,1,2,0,0
708,843,1,0,0,0,0
710,184,0,0,0,0,1
711,843,0,0,0,1,0
712,40,0,0,1,0,0
716,61,1,0,0,0,0
718,61,1,2,0,0,0
718,114,1,0,0,0,0
718,127,1,0,0,0,0
718,716,0,1,0,0,0
718,980,0,1,0,0,0
719,14,0,0,0,2,0
719,410,0,0,0,1,0
720,4,0,1,0,0,1
720,12,0,1,0,0,1
720,82,0,0,0,0,1
720,159,0,4,0,0,0
720,170,0,0,0,0,1
720,304,0,0,0,0,1
720,371,0,0,0,0,1
720,383,1,3,1,2,1
720,456,0,0,0,0,1
720,527,0,0,0,0,1
720,581,0,0,0,0,1
720,587,1,2,1,2,7
720,609,0,0,0,1,0
720,617,0,1,1,0,0
720,628,0,0,0,0,1
720,680,0,2,0,1,1
720,697,0,0,0,0,1
720,731,0,1,0,0,0
720,833,0,2,0,0,1
720,855,0,1,0,0,2
720,870,0,0,0,0,2
720,871,0,0,0,0,1
720,936,0,0,0,0,1
723,41,0,0,2,0,0
723,73,0,0,1,0,0
723,758,0,0,1,0,0
724,184,1,0,0,0,0
724,293,0,1,1,2,1
724,457,0,0,1,0,0
724,685,0,1,0,0,0
724,718,0,0,0,2,0
729,243,1,0,0,0,0
730,126,0,0,0,0,1
731,15,3,1,2,0,0
731,32,0,2,0,0,0
731,284,0,0,1,0,0
731,377,0,0,0,1,0
731,422,0,1,0,0,0
731,550,0,0,1,0,0
731,584,0,0,1,0,0
731,680,0,1,0,0,0
731,870,0,0,0,0,1
732,383,0,0,0,1,0
735,337,1,0,0,0,0
735,505,1,0,0,0,0
735,514,1,0,0,0,0
735,603,1,0,0,0,0
735,780,1,0,0,0,0
735,822,1,0,0,0,0
736,692,0,0,0,1,0
738,13,0,0,1,0,1
738,14,0,0,0,0,1
738,134,0,0,0,0,1
738,231,0,0,0,0,2
738,433,0,0,0,1,0
738,541,0,0,0,0,1
738,597,0,0,0,0,1
738,644,0,0,0,0,1
738,650,0,0,1,1,0
738,654,0,1,2,1,0
738,682,0,0,0,1,0
738,719,2,0,1,0,0
738,745,0,0,1,0,0
738,783,1,2,1,1,1
738,828,0,1,1,0,0
738,837,1,0,1,0,0
738,921,0,0,0,0,2
738,923,0,0,0,0,2
738,979,0,0,0,0,1
738,1001,0,0,0,0,1
739,591,0,0,1,0,0
742,159,0,1,0,0,2
742,214,0,0,0,0,1
742,306,0,0,0,0,4
742,659,0,0,0,0,2
742,687,0,0,0,1,0
742,769,0,0,0,0,1
742,771,1,0,0,0,1
742,784,0,0,0,0,2
742,915,0,0,0,0,2
743,166,0,0,1,0,0
743,356,0,1,0,0,0
743,602,0,1,2,0,0
743,704,0,0,1,0,0
745,828,0,0,0,1,0
758,723,0,0,1,0,0
758,844,0,0,3,0,0
758,918,1,0,0,0,0
758,956,1,0,0,0,0
761,866,0,0,1,0,1
765,30,0,2,0,0,0
765,104,0,0,3,0,0
765,133,0,1,0,0,0
765,313,0,1,0,0,0
765,602,0,1,0,0,0
765,648,0,2,2,0,0
765,762,0,0,0,0,1
765,908,0,0,1,0,1
767,599,0,0,1,0,0
771,83,0,0,1,0,1
771,306,0,1,1,0,1
771,742,2,1,0,0,1
771,784,1,0,0,0,0
771,901,0,0,0,0,2
772,75,1,0,0,1,0
772,120,1,0,0,0,0
772,220,0,0,0,0,1
772,334,0,0,0,1,0
772,454,1,0,0,1,0
772,566,0,0,1,0,0
772,573,0,0,0,1,0
772,586,0,0,0,1,0
772,609,1,0,0,1,0
772,687,0,0,1,0,0
774,947,11,6,14,7,9
775,692,0,1,0,0,0
777,365,1,0,0,0,0
779,295,1,0,0,0,0
779,630,2,0,0,0,0
782,74,0,0,1,0,0
782,126,0,1,1,0,0
782,166,0,0,2,0,0
782,168,3,2,0,2,1
782,232,0,0,1,0,0
782,332,0,0,0,0,1
782,435,1,0,0,0,0
782,472,5,2,0,2,0
782,500,0,0,1,0,0
782,573,0,0,1,0,0
782,575,1,1,0,0,1
782,586,0,1,1,0,0
788,96,0,0,0,0,1
788,106,0,0,1,0,0
788,740,0,0,1,0,0
789,482,1,0,0,0,0
790,2,1,0,0,2,0
790,119,0,0,0,1,0
790,168,1,0,0,0,0
790,516,0,0,0,1,0
790,532,0,0,0,2,0
790,700,0,0,2,1,0
790,812,0,0,0,2,3
790,956,0,0,0,1,1
791,609,0,0,1,1,0
794,111,0,0,1,0,0
794,591,0,0,2,0,0
794,660,0,0,2,0,0
794,663,0,0,2,0,0
794,762,0,0,1,0,0
795,207,1,0,0,2,1
795,421,1,0,0,2,1
795,424,1,0,0,2,2
795,978,0,0,0,0,1
798,159,0,1,0,0,0
803,112,1,1,0,0,0
803,517,1,0,0,0,0
809,987,0,1,0,0,0
809,994,0,1,0,0,0
810,7,0,0,0,0,1
810,107,0,0,0,0,1
810,335,0,0,0,1,0
812,2,0,1,0,0,0
812,119,1,0,0,0,0
812,465,1,0,0,0,0
812,700,0,1,0,0,0
812,790,2,1,0,0,2
817,978,0,1,0,0,0
823,535,1,0,0,0,0
828,745,0,1,0,0,0
832,38,0,3,2,0,0
832,139,0,0,0,1,0
832,423,0,0,0,1,0
832,540,0,0,0,0,1
832,955,0,0,0,1,1
833,185,0,1,0,0,0
833,415,0,1,0,0,0
833,462,0,1,0,0,0
833,720,0,1,0,0,0
838,24,0,0,0,1,0
838,428,0,0,0,1,1
838,656,1,0,0,1,0
838,685,1,0,0,0,0
838,700,2,0,0,0,0
838,857,0,0,0,1,0
838,988,0,0,0,1,0
840,231,1,0,0,0,0
840,245,1,0,0,0,0
843,19,1,0,0,0,0
843,201,0,1,0,0,0
843,407,0,0,0,0,1
843,711,0,0,1,0,0
843,779,0,1,0,0,0
844,85,0,1,0,0,0
844,672,1,2,0,1,1
844,679,0,1,0,0,0
844,684,0,1,0,0,0
844,918,0,0,0,0,1
844,956,0,0,0,1,0
846,67,1,3,1,0,0
846,561,1,3,0,0,0
849,175,0,4,3,0,0
849,275,0,3,3,0,1
849,327,0,0,1,0,0
849,582,0,1,0,0,0
849,737,0,1,0,0,0
850,53,1,0,0,0,0
851,167,0,0,0,1,0
851,241,0,0,1,0,0
851,709,0,0,0,0,1
851,817,0,0,0,0,1
851,978,0,0,9,0,0
854,113,0,0,0,0,2
854,586,0,0,1,0,0
855,135,1,1,0,0,0
855,170,0,1,2,0,1
855,292,0,1,0,0,0
855,720,0,0,0,0,1
857,316,0,0,0,1,0
857,428,0,0,2,0,0
857,915,0,0,1,0,0
858,614,0,3,1,0,0
862,32,1,0,0,0,0
862,502,0,1,0,1,0
862,572,1,0,0,0,0
866,53,0,0,1,0,0
866,159,0,0,1,0,0
866,549,0,0,0,1,0
866,718,0,1,0,0,0
866,724,1,0,0,0,0
866,761,0,0,0,0,2
868,30,0,0,1,0,0
868,416,1,0,0,0,0
873,231,0,1,0,0,0
876,999,1,0,0,0,0
879,223,0,0,0,0,1
879,322,0,0,0,1,1
880,189,0,1,1,0,1
881,14,0,0,0,1,0
881,516,1,0,0,0,0
881,761,0,0,0,0,1
881,928,0,0,0,0,1
883,777,1,0,0,0,0
885,313,0,1,0,0,0
886,250,0,1,3,0,1
891,160,0,1,0,0,0
891,267,4,3,0,0,0
891,280,0,1,0,0,0
891,353,3,1,1,1,0
891,530,0,1,3,3,1
891,550,1,1,0,0,0
891,629,0,0,4,5,0
896,522,1,0,0,0,0
898,107,0,0,0,0,1
900,550,0,0,1,0,0
905,281,0,0,1,0,1
907,393,0,0,2,0,0
907,452,1,0,0,0,0
907,843,2,0,0,0,0
908,104,0,1,0,0,0
908,765,2,1,1,0,0
909,58,1,0,0,0,0
910,329,0,0,0,1,0
910,692,0,0,0,1,0
912,77,2,0,0,0,0
912,168,3,0,0,2,4
912,214,0,0,0,0,1
912,232,0,0,0,1,0
912,356,3,0,0,1,2
912,416,0,0,0,1,2
912,472,3,0,0,1,0
912,557,1,0,0,0,0
912,575,2,0,0,0,0
912,949,0,0,0,0,2
915,17,0,1,0,1,1
915,31,0,0,0,1,3
915,92,0,0,0,1,3
915,136,2,4,0,3,3
915,142,2,2,1,4,3
915,159,0,0,0,0,1
915,165,0,0,0,1,1
915,200,4,3,0,1,3
915,302,0,0,0,1,1
915,316,1,1,0,5,3
915,341,0,1,0,0,2
915,344,0,0,0,1,1
915,428,9,5,1,3,5
915,543,0,0,0,1,3
915,647,0,2,0,5,3
915,718,1,0,0,0,0
915,739,0,1,0,0,2
915,742,0,0,0,1,1
915,857,2,2,1,3,3
915,952,0,1,0,1,1
915,953,0,0,0,1,1
915,971,0,0,0,1,3
915,990,0,0,0,1,3
916,716,1,0,0,0,0
918,499,1,0,0,0,0
920,248,1,0,0,0,0
920,274,0,0,0,1,0
924,14,1,0,0,1,0
924,173,1,0,0,1,0
924,199,1,0,0,1,0
924,506,1,0,0,1,0
924,541,1,0,0,0,0
924,644,1,0,0,2,0
924,682,1,0,0,0,0
924,702,1,0,0,1,0
924,996,1,0,0,0,0
924,1001,1,0,0,1,0
925,269,0,0,0,0,1
927,90,2,0,1,1,0
927,113,2,0,0,0,0
927,191,3,0,0,1,0
927,193,1,0,0,0,0
927,250,4,0,0,0,0
927,356,1,0,0,0,0
927,369,1,0,0,0,0
927,413,2,0,1,0,0
927,416,3,0,0,1,0
927,444,2,0,0,0,0
927,485,2,0,0,0,0
927,513,2,0,0,0,0
927,535,1,0,0,0,0
927,542,1,0,0,0,0
927,551,1,0,0,0,0
927,557,0,0,1,0,0
927,592,2,0,0,0,0
927,607,1,0,0,0,0
927,609,1,0,0,0,0
927,646,1,0,0,0,0
927,722,3,0,0,0,0
927,770,2,0,0,0,0
927,772,1,0,0,0,0
927,823,2,0,0,0,0
927,854,4,0,1,0,0
928,881,0,0,0,0,1
934,281,1,0,0,0,0
935,413,1,0,0,0,0
935,746,0,0,1,2,0
936,135,1,1,0,1,1
936,292,1,1,0,0,0
936,581,0,0,0,0,1
936,626,1,0,0,0,0
936,942,0,1,0,0,0
939,951,0,0,1,0,0
940,159,0,0,1,0,0
942,135,0,0,0,1,1
942,581,0,1,0,0,0
942,936,1,0,0,0,0
947,774,10,4,12,7,7
949,168,0,0,0,1,0
949,912,0,0,0,1,0
950,103,0,0,0,1,0
950,514,0,0,0,0,1
951,142,2,0,0,0,0
951,371,1,0,0,0,0
951,502,0,0,0,1,0
951,534,0,1,0,0,0
951,538,0,0,0,1,0
951,552,0,0,1,0,0
951,572,0,0,0,1,0
952,159,0,1,0,0,0
952,200,0,2,0,2,0
952,543,0,0,0,2,0
955,311,0,0,2,1,0
955,427,0,0,2,1,0
955,540,0,1,4,2,2
955,773,0,0,2,1,0
955,832,0,0,0,0,1
955,925,0,0,2,1,0
955,987,0,0,1,1,0
956,48,0,0,1,0,0
956,216,0,0,1,0,0
956,319,0,0,1,0,1
956,458,0,0,1,0,1
956,558,0,0,1,0,0
956,758,0,0,1,0,1
956,790,0,0,0,0,1
963,67,1,0,0,15,4
966,168,0,0,0,1,0
966,232,0,0,1,1,0
966,347,0,0,0,1,0
966,933,0,0,0,1,0
966,935,0,0,0,1,0
969,178,0,1,0,0,0
969,607,0,1,0,0,0
969,977,0,0,0,1,0
971,200,2,0,0,1,0
971,316,1,0,0,0,0
971,952,0,0,0,1,0
976,178,0,0,0,1,0
977,32,0,1,0,0,0
977,153,1,0,0,0,0
977,208,0,1,0,0,0
977,236,0,1,0,0,0
977,418,5,1,2,1,2
977,423,1,1,2,0,1
977,490,1,0,0,0,0
977,497,0,0,1,0,0
977,969,0,0,0,1,0
977,996,5,0,0,0,0
977,1001,1,1,2,1,1
977,1004,0,1,3,0,2
978,35,0,2,0,0,0
978,141,0,2,0,0,0
978,159,0,0,0,3,1
978,167,2,2,0,0,0
978,188,0,2,0,0,1
978,207,0,2,0,0,0
978,301,0,2,0,0,0
978,383,0,1,0,0,0
978,421,0,2,0,0,0
978,424,0,2,0,0,0
978,469,0,2,0,0,0
978,512,0,2,0,0,0
978,547,0,2,0,0,0
978,552,0,2,0,0,0
978,614,0,2,0,0,0
978,630,0,0,0,2,1
978,795,0,2,0,0,0
978,817,0,2,0,0,0
978,851,1,2,0,0,1
978,954,0,2,0,0,0
978,957,0,2,0,0,0
978,988,2,3,0,0,0
980,236,1,0,0,0,0
980,464,0,0,1,0,0
980,502,1,0,0,0,0
980,709,0,0,0,0,1
980,716,0,0,1,0,0
980,718,0,1,0,0,0
980,851,0,0,0,0,1
984,90,1,0,0,0,0
984,126,0,0,0,0,1
984,166,0,0,1,0,0
984,168,1,0,0,0,0
984,416,0,1,0,0,0
984,447,0,0,1,0,0
984,586,1,0,1,0,3
984,762,0,0,0,0,1
987,28,3,0,0,2,1
987,56,3,0,0,2,1
987,68,3,0,0,2,1
987,95,3,0,0,2,1
987,185,0,0,0,0,1
987,231,3,0,0,2,1
987,245,3,0,0,2,1
987,251,3,0,0,2,1
987,311,3,0,1,2,1
987,338,3,0,0,2,2
987,361,3,0,0,2,1
987,364,3,0,0,2,1
987,432,3,0,0,2,1
987,433,3,0,0,2,1
987,471,0,0,0,0,1
987,482,3,0,0,2,1
987,531,3,0,0,3,1
987,540,3,0,2,2,1
987,582,3,0,0,2,1
987,641,3,0,0,2,1
987,764,3,0,0,2,1
987,789,3,0,0,2,1
987,809,3,1,0,2,1
987,840,3,0,0,2,1
987,849,3,0,0,2,1
987,872,3,0,0,2,1
987,873,3,0,0,2,1
987,955,3,0,1,2,1
987,994,3,0,0,2,1
988,167,2,0,0,0,0
988,188,0,0,0,0,1
988,552,0,1,0,0,0
988,614,0,0,1,0,0
988,978,2,0,0,0,0
990,31,0,0,0,1,0
990,424,0,0,0,1,0
990,482,1,0,0,0,0
991,2,0,0,0,1,0
991,61,0,0,3,5,0
991,654,0,0,3,3,0
991,858,0,0,0,2,0
993,135,0,1,0,0,0
994,482,1,0,0,0,0
994,987,0,1,0,0,0
996,153,1,0,0,0,0
996,199,0,1,0,0,0
996,410,1,0,0,0,0
996,418,3,7,0,0,0
996,506,0,1,0,0,0
996,541,0,1,0,0,0
996,644,0,1,0,0,0
996,977,5,0,0,0,0
999,101,1,0,0,0,0
1001,541,0,0,0,1,0
1001,783,0,0,0,1,0
1004,107,0,0,1,0,0
1004,236,0,0,0,0,2
1004,506,0,0,1,0,0
1004,977,0,0,1,0,0
